MP4 영상 업로드,window_size,interval,stride,각 윈도우별 텍스트 유사도 (softmax),timestamp
"{""video"": "".gradio/flagged/MP4 \uc601\uc0c1 \uc5c5\ub85c\ub4dc/70bd7f7479c65e2e9d84/helmet_14_cut.mp4"", ""subtitles"": null}",3,1,1,"window 0: [0.004885012749582529, 0.11909441649913788, 0.8760205507278442]
window 1: [0.005235062912106514, 0.11233942210674286, 0.8824255466461182]
window 2: [0.0056326426565647125, 0.09755649417638779, 0.8968108296394348]
window 3: [0.007423663046211004, 0.0939037948846817, 0.8986724615097046]
window 4: [0.008445116691291332, 0.09275698661804199, 0.8987979292869568]
window 5: [0.009795461781322956, 0.10376834124326706, 0.8864361643791199]
window 6: [0.010771275497972965, 0.10929077863693237, 0.8799378871917725]
window 7: [0.011526166461408138, 0.10739327222108841, 0.8810805082321167]
window 8: [0.01431889645755291, 0.10419817268848419, 0.8814829587936401]
window 9: [0.015498150140047073, 0.11785165965557098, 0.8666502237319946]
window 10: [0.01812756434082985, 0.1455894410610199, 0.8362830281257629]
window 11: [0.016859637573361397, 0.17652985453605652, 0.8066105842590332]
window 12: [0.015785617753863335, 0.1901092529296875, 0.7941051125526428]
window 13: [0.01567922905087471, 0.2094183713197708, 0.77490234375]
window 14: [0.013415581546723843, 0.22315683960914612, 0.7634274959564209]
window 15: [0.01285394188016653, 0.22795337438583374, 0.759192705154419]
window 16: [0.01122728269547224, 0.2171272337436676, 0.7716453671455383]
window 17: [0.010553094558417797, 0.19768458604812622, 0.7917622923851013]
window 18: [0.009381517767906189, 0.17655733227729797, 0.814061164855957]
window 19: [0.008642543107271194, 0.1576121598482132, 0.8337453007698059]
window 20: [0.008703791536390781, 0.1553942859172821, 0.8359019756317139]
window 21: [0.010088810697197914, 0.15385787189006805, 0.8360533118247986]
window 22: [0.0084536736831069, 0.1304754763841629, 0.8610709309577942]
window 23: [0.00711046950891614, 0.09462713450193405, 0.8982623219490051]
window 24: [0.005435632076114416, 0.0663326308131218, 0.9282317161560059]
window 25: [0.006010811310261488, 0.04716547951102257, 0.9468237161636353]
window 26: [0.006470073945820332, 0.041818659752607346, 0.9517111778259277]
window 27: [0.008357109501957893, 0.04097644239664078, 0.9506664872169495]
window 28: [0.009258878417313099, 0.044040024280548096, 0.9467010498046875]
window 29: [0.010842018760740757, 0.04924019053578377, 0.9399178624153137]
window 30: [0.011846198700368404, 0.06724682450294495, 0.9209069609642029]
window 31: [0.012350098229944706, 0.10305842757225037, 0.8845915198326111]
window 32: [0.010197042487561703, 0.1256328672170639, 0.8641700744628906]
window 33: [0.008314012549817562, 0.12765543162822723, 0.8640305399894714]
window 34: [0.008017558604478836, 0.11636396497488022, 0.8756184577941895]
window 35: [0.007974831387400627, 0.10302157700061798, 0.8890036344528198]
window 36: [0.007175697945058346, 0.08862955868244171, 0.9041947722434998]
window 37: [0.006722589489072561, 0.08620833605527878, 0.9070690274238586]
window 38: [0.007535065058618784, 0.09447583556175232, 0.8979891538619995]
window 39: [0.010268641635775566, 0.10551039129495621, 0.8842208981513977]
window 40: [0.012058889493346214, 0.10477717965841293, 0.8831639289855957]
window 41: [0.012033622711896896, 0.09685798734426498, 0.8911083340644836]
window 42: [0.010106109082698822, 0.08737488090991974, 0.9025189876556396]
window 43: [0.008169387467205524, 0.077071413397789, 0.9147592186927795]
window 44: [0.0066678510047495365, 0.07628557831048965, 0.9170465469360352]
window 45: [0.005597963929176331, 0.06833573430776596, 0.9260663390159607]
window 46: [0.005327417980879545, 0.06980256736278534, 0.9248700141906738]
window 47: [0.005552094895392656, 0.06891467422246933, 0.9255331754684448]
window 48: [0.006312910467386246, 0.07849538326263428, 0.9151917099952698]
window 49: [0.0062712691724300385, 0.08063550293445587, 0.9130932688713074]
window 50: [0.0058711981400847435, 0.08305501937866211, 0.9110738039016724]
window 51: [0.004805068951100111, 0.08921690285205841, 0.9059780240058899]
window 52: [0.004963776096701622, 0.10471894592046738, 0.8903173208236694]
window 53: [0.005609468091279268, 0.10464910417795181, 0.8897413611412048]
window 54: [0.007006524596363306, 0.10092918574810028, 0.8920643329620361]
window 55: [0.00770617974922061, 0.09347667545080185, 0.8988171815872192]
window 56: [0.009237447753548622, 0.09908033907413483, 0.8916822671890259]
window 57: [0.010507606901228428, 0.09962843358516693, 0.889863908290863]
window 58: [0.01010637916624546, 0.09438475966453552, 0.8955088257789612]
window 59: [0.00883470755070448, 0.07970099151134491, 0.9114643335342407]
window 60: [0.007245128974318504, 0.06754404306411743, 0.9252108931541443]
window 61: [0.0062447902746498585, 0.06371475756168365, 0.9300403594970703]
window 62: [0.0055534993298351765, 0.07054015249013901, 0.9239063858985901]
window 63: [0.0053666881285607815, 0.08650210499763489, 0.9081312417984009]
window 64: [0.005638207774609327, 0.09587530046701431, 0.8984864950180054]
window 65: [0.0059529561549425125, 0.08729254454374313, 0.9067544937133789]
window 66: [0.006381886079907417, 0.07435346394777298, 0.9192646741867065]
window 67: [0.006563081406056881, 0.06534138321876526, 0.9280955195426941]
window 68: [0.005914447829127312, 0.06886615604162216, 0.9252194166183472]
window 69: [0.005594300571829081, 0.07045991718769073, 0.9239457845687866]
window 70: [0.007010982371866703, 0.07561083883047104, 0.9173781871795654]
window 71: [0.009333950467407703, 0.07588600367307663, 0.9147800207138062]
window 72: [0.011780805885791779, 0.0937638133764267, 0.8944553136825562]
window 73: [0.015445762313902378, 0.10105147212743759, 0.8835027813911438]
window 74: [0.01807897724211216, 0.10906335711479187, 0.8728576302528381]
window 75: [0.02228955551981926, 0.10139493644237518, 0.8763154745101929]
window 76: [0.019644657149910927, 0.08957032114267349, 0.8907850384712219]
window 77: [0.019104862585663795, 0.07983152568340302, 0.9010636806488037]
window 78: [0.0164616908878088, 0.06995521485805511, 0.9135830402374268]
window 79: [0.015549538657069206, 0.07751516252756119, 0.9069352746009827]
window 80: [0.01707257144153118, 0.09408950805664062, 0.8888379335403442]
window 81: [0.01782994717359543, 0.10628967732191086, 0.8758803009986877]
window 82: [0.018277021124958992, 0.11673015356063843, 0.8649927377700806]
window 83: [0.015290756709873676, 0.11737518757581711, 0.8673340082168579]
window 84: [0.013790599070489407, 0.12961551547050476, 0.856593906879425]
window 85: [0.01142915803939104, 0.1547897905111313, 0.8337810635566711]
window 86: [0.014510896056890488, 0.1291714906692505, 0.8563175797462463]
window 87: [0.026732375845313072, 0.16356289386749268, 0.8097047209739685]
window 88: [0.02531519904732704, 0.20001569390296936, 0.7746691107749939]
window 89: [0.02879936620593071, 0.2798800468444824, 0.691320538520813]
window 90: [0.021138787269592285, 0.30922526121139526, 0.6696358919143677]
window 91: [0.027430545538663864, 0.3291952610015869, 0.6433742046356201]
window 92: [0.01978098414838314, 0.3736337125301361, 0.6065853238105774]
window 93: [0.01589204929769039, 0.36621007323265076, 0.6178979277610779]
window 94: [0.015377655625343323, 0.343555748462677, 0.6410666108131409]
window 95: [0.015514643862843513, 0.31470710039138794, 0.6697782874107361]
window 96: [0.01623118668794632, 0.27499035000801086, 0.708778440952301]
window 97: [0.018662139773368835, 0.23934432864189148, 0.7419935464859009]
window 98: [0.024580659344792366, 0.2213812619447708, 0.7540380358695984]
window 99: [0.02592526748776436, 0.20432615280151367, 0.7697485685348511]
window 100: [0.02341020479798317, 0.1996995359659195, 0.7768902778625488]
window 101: [0.019428499042987823, 0.18021640181541443, 0.8003551363945007]
window 102: [0.01807739958167076, 0.21664990484714508, 0.7652727365493774]
window 103: [0.0182828176766634, 0.24727721512317657, 0.73444002866745]
window 104: [0.01957646571099758, 0.30178430676460266, 0.6786392331123352]
window 105: [0.025587307289242744, 0.2992229759693146, 0.6751896739006042]
window 106: [0.03440401330590248, 0.2708384394645691, 0.6947575211524963]
window 107: [0.035960786044597626, 0.29140281677246094, 0.6726363301277161]
window 108: [0.034178610891103745, 0.29442039132118225, 0.6714010238647461]
window 109: [0.02507234737277031, 0.31363654136657715, 0.6612910628318787]
window 110: [0.020399654284119606, 0.3099510073661804, 0.6696493029594421]
window 111: [0.01562684029340744, 0.29985311627388, 0.6845200061798096]
window 112: [0.01685827411711216, 0.3250572681427002, 0.6580843925476074]
window 113: [0.017729923129081726, 0.31683751940727234, 0.6654325723648071]
window 114: [0.01922859624028206, 0.2949443757534027, 0.6858270168304443]
window 115: [0.019307153299450874, 0.24881675839424133, 0.7318761944770813]
window 116: [0.021083824336528778, 0.23417381942272186, 0.7447423934936523]
window 117: [0.024351174011826515, 0.29276248812675476, 0.6828863620758057]
window 118: [0.027154602110385895, 0.3179633617401123, 0.65488201379776]
window 119: [0.027898622676730156, 0.3475852906703949, 0.6245161294937134]
window 120: [0.02936597540974617, 0.3142907917499542, 0.6563432812690735]
window 121: [0.02857086807489395, 0.2921672463417053, 0.6792618632316589]
window 122: [0.02701871283352375, 0.2828332185745239, 0.6901480555534363]
window 123: [0.027174217626452446, 0.2771754264831543, 0.6956503391265869]
window 124: [0.027718808501958847, 0.2675234377384186, 0.704757809638977]
window 125: [0.029606148600578308, 0.2564867436885834, 0.7139070630073547]
window 126: [0.024236997589468956, 0.25066113471984863, 0.7251018285751343]
window 127: [0.017369739711284637, 0.25582975149154663, 0.7268005013465881]
window 128: [0.011410399340093136, 0.2230355441570282, 0.7655540704727173]
window 129: [0.010509061627089977, 0.22057662904262543, 0.7689143419265747]
window 130: [0.010720240883529186, 0.2330579310655594, 0.7562218308448792]
window 131: [0.01546631008386612, 0.2619193196296692, 0.7226143479347229]
window 132: [0.018728546798229218, 0.2571549415588379, 0.7241165041923523]
window 133: [0.028181839734315872, 0.2691221833229065, 0.7026959657669067]
window 134: [0.03545370697975159, 0.2716801166534424, 0.6928662061691284]
window 135: [0.05135408043861389, 0.28023940324783325, 0.6684064865112305]
window 136: [0.06135139614343643, 0.2858876585960388, 0.652760922908783]
window 137: [0.06125977262854576, 0.2977967858314514, 0.6409434676170349]
window 138: [0.05971849709749222, 0.2964290678501129, 0.6438524127006531]
window 139: [0.054218217730522156, 0.262698769569397, 0.6830830574035645]
window 140: [0.05614183470606804, 0.21419650316238403, 0.7296615839004517]
window 141: [0.060511257499456406, 0.18567919731140137, 0.7538095116615295]
window 142: [0.07478208094835281, 0.16732501983642578, 0.7578928470611572]
window 143: [0.07759489864110947, 0.1660415530204773, 0.756363570690155]
window 144: [0.061051905155181885, 0.16211476922035217, 0.7768332958221436]
window 145: [0.04666049778461456, 0.16123323142528534, 0.7921062707901001]
window 146: [0.03442743420600891, 0.16366322338581085, 0.8019093871116638]
window 147: [0.031916357576847076, 0.1782919317483902, 0.7897917032241821]
window 148: [0.027163147926330566, 0.19597692787647247, 0.7768599390983582]
window 149: [0.02828921005129814, 0.21582207083702087, 0.7558887600898743]
window 150: [0.025539474561810493, 0.23755662143230438, 0.7369039058685303]
window 151: [0.025062259286642075, 0.26209715008735657, 0.7128405570983887]
window 152: [0.02371617965400219, 0.2797279357910156, 0.6965559720993042]
window 153: [0.021593956276774406, 0.2637902796268463, 0.7146157622337341]
window 154: [0.02134149707853794, 0.2736572325229645, 0.7050012946128845]
window 155: [0.019973311573266983, 0.2785968482494354, 0.7014297842979431]
window 156: [0.02382906898856163, 0.31068119406700134, 0.6654897332191467]
window 157: [0.0320454016327858, 0.32354605197906494, 0.6444085836410522]
window 158: [0.03994861990213394, 0.3513382077217102, 0.6087131500244141]
window 159: [0.038770515471696854, 0.3594251275062561, 0.6018043756484985]
window 160: [0.03794527426362038, 0.36075711250305176, 0.6012976765632629]
window 161: [0.03727288544178009, 0.35801631212234497, 0.6047108173370361]
window 162: [0.044988080859184265, 0.35788285732269287, 0.5971291065216064]
window 163: [0.045483946800231934, 0.3527975380420685, 0.6017186045646667]
window 164: [0.054011277854442596, 0.3381412923336029, 0.6078474521636963]
window 165: [0.05320256948471069, 0.3245382606983185, 0.6222591400146484]
window 166: [0.050006985664367676, 0.30022284388542175, 0.649770200252533]
window 167: [0.047040823847055435, 0.2674875259399414, 0.6854717135429382]
window 168: [0.03815451264381409, 0.24547329545021057, 0.7163721323013306]
window 169: [0.02937469445168972, 0.2140740603208542, 0.7565512657165527]
window 170: [0.01875194162130356, 0.17039009928703308, 0.8108580112457275]
window 171: [0.015772638842463493, 0.1329275369644165, 0.8512998223304749]
window 172: [0.01266650203615427, 0.124156653881073, 0.8631768226623535]
window 173: [0.011428836733102798, 0.1307971179485321, 0.8577741384506226]
window 174: [0.01225986983627081, 0.14899322390556335, 0.838746964931488]
window 175: [0.012218446470797062, 0.1359897404909134, 0.8517917394638062]
window 176: [0.010730026289820671, 0.1099296510219574, 0.8793403506278992]
window 177: [0.00986818503588438, 0.09555930644273758, 0.8945725560188293]
window 178: [0.011296568438410759, 0.09783942997455597, 0.8908640742301941]
window 179: [0.013113417662680149, 0.12413699179887772, 0.8627496361732483]
window 180: [0.009762418456375599, 0.12146930396556854, 0.8687683343887329]
window 181: [0.008966310881078243, 0.13902688026428223, 0.852006733417511]
window 182: [0.008330526761710644, 0.1540798842906952, 0.8375895619392395]
window 183: [0.009342974051833153, 0.1754102110862732, 0.8152467608451843]
window 184: [0.008581108413636684, 0.16697105765342712, 0.8244478106498718]
window 185: [0.009714091196656227, 0.15932314097881317, 0.8309627771377563]
window 186: [0.010960605926811695, 0.16351476311683655, 0.825524628162384]
window 187: [0.011149237863719463, 0.16824141144752502, 0.8206093907356262]
window 188: [0.009889415465295315, 0.1303073912858963, 0.8598031997680664]
window 189: [0.01027060765773058, 0.107328400015831, 0.8824010491371155]
window 190: [0.014404279179871082, 0.0875730812549591, 0.8980225920677185]
window 191: [0.019417956471443176, 0.09597109258174896, 0.8846109509468079]
window 192: [0.02309449203312397, 0.10062576830387115, 0.8762797713279724]
window 193: [0.018197884783148766, 0.1324111968278885, 0.8493908643722534]
window 194: [0.016140101477503777, 0.1319277435541153, 0.8519321084022522]
window 195: [0.013264897279441357, 0.1323680579662323, 0.8543671369552612]
window 196: [0.012983839958906174, 0.12171277403831482, 0.8653033375740051]
window 197: [0.013902906328439713, 0.16184267401695251, 0.8242543339729309]
window 198: [0.014117301441729069, 0.14317290484905243, 0.8427097797393799]
window 199: [0.01757199503481388, 0.1651495099067688, 0.8172785043716431]
window 200: [0.014573141001164913, 0.14672839641571045, 0.8386984467506409]
window 201: [0.013675162568688393, 0.1827947348356247, 0.8035301566123962]
window 202: [0.012238637544214725, 0.17059999704360962, 0.8171613812446594]
window 203: [0.014148418791592121, 0.2031533122062683, 0.7826982736587524]
window 204: [0.014014547690749168, 0.25647681951522827, 0.729508638381958]
window 205: [0.011678754352033138, 0.33830904960632324, 0.6500122547149658]
window 206: [0.010902244597673416, 0.34598737955093384, 0.6431103348731995]
window 207: [0.012847743928432465, 0.3909028172492981, 0.596249520778656]
window 208: [0.01610182225704193, 0.4160424768924713, 0.567855715751648]
window 209: [0.02212461829185486, 0.417574018239975, 0.5603013634681702]
window 210: [0.022071946412324905, 0.37028104066848755, 0.6076470017433167]
window 211: [0.022157320752739906, 0.35981327295303345, 0.6180293560028076]
window 212: [0.01862545683979988, 0.4090491235256195, 0.5723254680633545]
window 213: [0.02357061207294464, 0.4067576825618744, 0.5696716904640198]
window 214: [0.02569490484893322, 0.32703378796577454, 0.6472713351249695]
window 215: [0.030851323157548904, 0.2955126464366913, 0.6736360788345337]
window 216: [0.034850601106882095, 0.3328385353088379, 0.6323108077049255]
window 217: [0.06577491015195847, 0.4048807919025421, 0.5293443202972412]
window 218: [0.09708859026432037, 0.41852790117263794, 0.4843835234642029]
window 219: [0.14919523894786835, 0.3936923146247864, 0.45711246132850647]
window 220: [0.16401715576648712, 0.3315649628639221, 0.504417896270752]
window 221: [0.1911218762397766, 0.3093906342983246, 0.49948757886886597]
window 222: [0.20804862678050995, 0.28479892015457153, 0.5071524381637573]
window 223: [0.20195235311985016, 0.32183805108070374, 0.47620952129364014]
window 224: [0.2368338704109192, 0.3312312364578247, 0.4319348633289337]
window 225: [0.23685765266418457, 0.37103471159935, 0.39210760593414307]
window 226: [0.25243568420410156, 0.38693904876708984, 0.3606252372264862]
window 227: [0.22542127966880798, 0.40875470638275146, 0.36582404375076294]
window 228: [0.20961691439151764, 0.431896835565567, 0.35848626494407654]
window 229: [0.19017663598060608, 0.43055734038352966, 0.37926605343818665]
window 230: [0.15598973631858826, 0.48518678545951843, 0.3588234484195709]
window 231: [0.13403648138046265, 0.47877100110054016, 0.3871925473213196]
window 232: [0.10349574685096741, 0.531916618347168, 0.36458760499954224]
window 233: [0.10496388375759125, 0.49481308460235596, 0.4002230167388916]
window 234: [0.11627544462680817, 0.5243884325027466, 0.35933610796928406]
window 235: [0.17050978541374207, 0.4323677122592926, 0.3971225321292877]
window 236: [0.21251939237117767, 0.4017258882522583, 0.38575470447540283]
window 237: [0.21190910041332245, 0.32786402106285095, 0.46022695302963257]
window 238: [0.16635629534721375, 0.36066630482673645, 0.47297734022140503]
window 239: [0.13976021111011505, 0.34227821230888367, 0.5179615616798401]
window 240: [0.14267973601818085, 0.3153422474861145, 0.5419780015945435]
window 241: [0.1269809752702713, 0.24016344547271729, 0.6328555941581726]
window 242: [0.1072128638625145, 0.1610044687986374, 0.7317826151847839]
window 243: [0.07407599687576294, 0.1420419067144394, 0.7838821411132812]
window 244: [0.05534674599766731, 0.14401750266551971, 0.8006357550621033]
window 245: [0.04091164469718933, 0.1810399889945984, 0.7780483961105347]
window 246: [0.041444387286901474, 0.22229963541030884, 0.7362560033798218]
window 247: [0.04162978008389473, 0.26274335384368896, 0.6956268548965454]
window 248: [0.03789642080664635, 0.26823604106903076, 0.6938675045967102]
window 249: [0.031204110011458397, 0.22100520133972168, 0.7477907538414001]
window 250: [0.03777434304356575, 0.22850078344345093, 0.7337248921394348]
window 251: [0.047476623207330704, 0.33494386076927185, 0.6175795197486877]
window 252: [0.05527365952730179, 0.4765651226043701, 0.4681611657142639]
window 253: [0.08264348655939102, 0.5043872594833374, 0.4129692614078522]
window 254: [0.13640134036540985, 0.4363415241241455, 0.4272572100162506]
window 255: [0.19604668021202087, 0.37608110904693604, 0.4278721809387207]
window 256: [0.19735826551914215, 0.3734249472618103, 0.42921674251556396]
window 257: [0.19728031754493713, 0.37344902753829956, 0.4292706549167633]
window 258: [0.1972256600856781, 0.37342289090156555, 0.4293515086174011]
window 259: [0.19724029302597046, 0.37344270944595337, 0.42931702733039856]
window 260: [0.19723555445671082, 0.37345367670059204, 0.4293108284473419]
window 261: [0.19721144437789917, 0.3735220432281494, 0.4292665421962738]
window 262: [0.1971672922372818, 0.37356412410736084, 0.42926862835884094]
window 263: [0.19714410603046417, 0.3736106753349304, 0.4292451739311218]
window 264: [0.19711588323116302, 0.37364134192466736, 0.42924273014068604]
window 265: [0.19688431918621063, 0.3737291395664215, 0.42938658595085144]
window 266: [0.19641195237636566, 0.375684916973114, 0.4279031455516815]
window 267: [0.19802668690681458, 0.3735600709915161, 0.4284132719039917]
window 268: [0.20194903016090393, 0.36767566204071045, 0.4303753077983856]
window 269: [0.20707206428050995, 0.3572861850261688, 0.4356417655944824]
window 270: [0.19419512152671814, 0.34980201721191406, 0.4560029208660126]
window 271: [0.18563860654830933, 0.35392987728118896, 0.4604315161705017]
window 272: [0.09811252355575562, 0.3208685517311096, 0.5810189843177795]
window 273: [0.0356459766626358, 0.20163431763648987, 0.7627196907997131]
window 274: [0.01082492247223854, 0.09929127246141434, 0.889883816242218]
window 275: [0.007600241340696812, 0.06498218327760696, 0.9274175763130188]
window 276: [0.010317373089492321, 0.06510604172945023, 0.9245765209197998]
window 277: [0.011504310183227062, 0.05626354739069939, 0.9322322607040405]
window 278: [0.011352544650435448, 0.0461389422416687, 0.9425085783004761]
window 279: [0.009837321005761623, 0.04346011206507683, 0.9467026591300964]
window 280: [0.009375108405947685, 0.04437810182571411, 0.9462467432022095]
window 281: [0.011903327889740467, 0.04749410226941109, 0.9406026005744934]
window 282: [0.014807545579969883, 0.046641044318675995, 0.9385514855384827]
window 283: [0.021528830751776695, 0.05663834139704704, 0.9218327403068542]
window 284: [0.02289240062236786, 0.06761781126260757, 0.9094897508621216]
window 285: [0.022924894466996193, 0.0756458044052124, 0.901429295539856]
window 286: [0.020033959299325943, 0.07133027911186218, 0.9086357355117798]
window 287: [0.018532345071434975, 0.0656060129404068, 0.9158616662025452]
window 288: [0.01822451688349247, 0.06041525676846504, 0.921360194683075]
window 289: [0.01793898455798626, 0.06532991677522659, 0.916731059551239]
window 290: [0.01688777096569538, 0.07929913699626923, 0.9038131237030029]
window 291: [0.015963388606905937, 0.10360763221979141, 0.8804289102554321]
window 292: [0.01460178755223751, 0.13772504031658173, 0.847673237323761]
window 293: [0.012500870041549206, 0.14080972969532013, 0.8466894030570984]
window 294: [0.008971410803496838, 0.11147503554821014, 0.8795536160469055]
window 295: [0.007308846339583397, 0.084929920732975, 0.9077612161636353]
window 296: [0.006433999631553888, 0.07353105396032333, 0.9200349450111389]
window 297: [0.006165727041661739, 0.07341812551021576, 0.9204161167144775]
window 298: [0.005591606255620718, 0.07419001311063766, 0.9202184081077576]
window 299: [0.004142435267567635, 0.08366785198450089, 0.9121897220611572]
window 300: [0.0031689575407654047, 0.09447664022445679, 0.9023544192314148]
window 301: [0.002714038360863924, 0.1031491830945015, 0.8941366672515869]
window 302: [0.002605796791613102, 0.10002990812063217, 0.8973642587661743]
window 303: [0.0025440205354243517, 0.113156259059906, 0.8842997550964355]
window 304: [0.00254462705925107, 0.12806187570095062, 0.8693934679031372]
window 305: [0.0033722338266670704, 0.14026528596878052, 0.856362521648407]
window 306: [0.004519161768257618, 0.13080239295959473, 0.8646784424781799]
window 307: [0.005569367203861475, 0.11475105583667755, 0.8796796202659607]
window 308: [0.006040332373231649, 0.11390207707881927, 0.8800575137138367]
window 309: [0.0058542597107589245, 0.12214207649230957, 0.8720035552978516]
window 310: [0.005683385767042637, 0.137498140335083, 0.856818437576294]
window 311: [0.005715879611670971, 0.12868423759937286, 0.8655998706817627]
window 312: [0.005624872632324696, 0.12972159683704376, 0.8646535277366638]
window 313: [0.0062455893494188786, 0.12007557600736618, 0.8736788034439087]
window 314: [0.006794953253120184, 0.11152105778455734, 0.8816840052604675]
window 315: [0.007580740377306938, 0.08625184744596481, 0.9061673879623413]
window 316: [0.006695928052067757, 0.07260297238826752, 0.9207012057304382]
window 317: [0.0063812523148953915, 0.0754423588514328, 0.9181763529777527]
window 318: [0.007908932864665985, 0.08403017371892929, 0.9080609679222107]
window 319: [0.0115425493568182, 0.09954608231782913, 0.8889114260673523]
window 320: [0.014362113550305367, 0.0969180166721344, 0.8887198567390442]
window 321: [0.015700338408350945, 0.08991371095180511, 0.8943859934806824]
window 322: [0.012951623648405075, 0.0755765289068222, 0.9114718437194824]
window 323: [0.012433447875082493, 0.07259444147348404, 0.9149721264839172]
window 324: [0.012218410149216652, 0.07370718568563461, 0.9140744209289551]
window 325: [0.013448940590023994, 0.07197123020887375, 0.9145797491073608]
window 326: [0.013966234400868416, 0.07283955812454224, 0.9131941795349121]
window 327: [0.012035087682306767, 0.06736800819635391, 0.9205968976020813]
window 328: [0.01150321401655674, 0.07823240756988525, 0.9102643132209778]
window 329: [0.009985087439417839, 0.09519516676664352, 0.8948196768760681]
window 330: [0.009219192899763584, 0.1114010438323021, 0.8793798089027405]
window 331: [0.006233538966625929, 0.10860035568475723, 0.8851661682128906]
window 332: [0.004274137783795595, 0.10239154100418091, 0.8933343887329102]
window 333: [0.003048601793125272, 0.11128938943147659, 0.8856620192527771]
window 334: [0.0029773355927318335, 0.11169690638780594, 0.8853257298469543]
window 335: [0.0035244908649474382, 0.13414815068244934, 0.8623273372650146]
window 336: [0.005323928315192461, 0.13325227797031403, 0.8614237904548645]
window 337: [0.006747069302946329, 0.13123014569282532, 0.8620227575302124]
window 338: [0.0068850829266011715, 0.098673515021801, 0.8944414854049683]
window 339: [0.004838729277253151, 0.08912160992622375, 0.9060396552085876]
window 340: [0.003881848184391856, 0.0812225267291069, 0.9148956537246704]
window 341: [0.0037601771764457226, 0.07833317667245865, 0.9179065823554993]
window 342: [0.00456792488694191, 0.08077166229486465, 0.9146603345870972]
window 343: [0.005872059613466263, 0.08157292008399963, 0.9125549793243408]
window 344: [0.006084550637751818, 0.08201710134744644, 0.9118983745574951]
window 345: [0.006200720556080341, 0.0765361562371254, 0.9172631502151489]
window 346: [0.006429128348827362, 0.08345364034175873, 0.9101172685623169]
window 347: [0.005807580891996622, 0.08617217093706131, 0.9080202579498291]
window 348: [0.005244492553174496, 0.08908867090940475, 0.9056668877601624]
window 349: [0.005012576933950186, 0.08165459334850311, 0.9133327603340149]
window 350: [0.006152097135782242, 0.06990962475538254, 0.9239383339881897]
window 351: [0.0070200348272919655, 0.06109955161809921, 0.9318804740905762]
window 352: [0.005682273302227259, 0.057823702692985535, 0.9364939332008362]
window 353: [0.0049625588580966, 0.07875820994377136, 0.916279137134552]
window 354: [0.003673213068395853, 0.09536021947860718, 0.9009665846824646]
window 355: [0.003266204847022891, 0.11511941999197006, 0.8816143274307251]
window 356: [0.0027113589458167553, 0.10579586774110794, 0.8914927244186401]
window 357: [0.002809715922921896, 0.09506424516439438, 0.9021260142326355]
window 358: [0.003159275511279702, 0.08474880456924438, 0.9120919108390808]
window 359: [0.0038842367939651012, 0.07862414419651031, 0.9174915552139282]
window 360: [0.00451746117323637, 0.07990498095750809, 0.9155775904655457]
window 361: [0.005098877474665642, 0.08453550934791565, 0.910365641117096]
window 362: [0.004461211618036032, 0.09200546890497208, 0.9035332798957825]
window 363: [0.0041435412131249905, 0.10166209936141968, 0.8941944241523743]
window 364: [0.003857094096019864, 0.09609338641166687, 0.9000495076179504]
window 365: [0.004264338407665491, 0.0878065675497055, 0.9079291224479675]
window 366: [0.004801957402378321, 0.07617831975221634, 0.9190196990966797]
window 367: [0.0049592675641179085, 0.08044326305389404, 0.9145975112915039]
window 368: [0.005086678080260754, 0.08393476158380508, 0.9109784960746765]
window 369: [0.0046531264670193195, 0.09388275444507599, 0.90146404504776]
window 370: [0.0048127323389053345, 0.10071251541376114, 0.8944747447967529]
window 371: [0.0043130554258823395, 0.10269833356142044, 0.8929885625839233]
window 372: [0.004092168062925339, 0.10108325630426407, 0.8948245644569397]
window 373: [0.0037905604112893343, 0.0992836132645607, 0.8969258069992065]
window 374: [0.0037684522103518248, 0.10119377076625824, 0.8950377702713013]
window 375: [0.003450437681749463, 0.11241544038057327, 0.8841341137886047]
window 376: [0.003324961755424738, 0.12069883197546005, 0.8759761452674866]
window 377: [0.003304403042420745, 0.12752152979373932, 0.8691740036010742]
window 378: [0.0038019742351025343, 0.12503217160701752, 0.8711658120155334]
window 379: [0.004067380912601948, 0.125691220164299, 0.8702413439750671]
window 380: [0.004421692341566086, 0.126307412981987, 0.8692708611488342]
window 381: [0.005719522479921579, 0.13712534308433533, 0.8571552634239197]
window 382: [0.007077912800014019, 0.13992945849895477, 0.852992594242096]
window 383: [0.00970787089318037, 0.14987701177597046, 0.8404151201248169]
window 384: [0.012090299278497696, 0.12469543516635895, 0.8632142543792725]
window 385: [0.013802779838442802, 0.11892205476760864, 0.8672751784324646]
window 386: [0.013294903561472893, 0.10925941169261932, 0.8774456977844238]
window 387: [0.01110267173498869, 0.11226263642311096, 0.8766346573829651]
window 388: [0.011823993176221848, 0.10181445628404617, 0.8863616585731506]
window 389: [0.011923383921384811, 0.1079501211643219, 0.8801264762878418]
window 390: [0.012828683480620384, 0.1140252873301506, 0.873146116733551]
window 391: [0.013974742032587528, 0.12964938580989838, 0.8563759326934814]
window 392: [0.019764451310038567, 0.16046111285686493, 0.8197745084762573]
window 393: [0.022069217637181282, 0.19920068979263306, 0.7787301540374756]
window 394: [0.024201080203056335, 0.24562977254390717, 0.7301691174507141]
window 395: [0.02155635692179203, 0.24548807740211487, 0.7329556345939636]
window 396: [0.02510785311460495, 0.26586031913757324, 0.7090318202972412]
window 397: [0.026653241366147995, 0.24821539223194122, 0.7251313328742981]
window 398: [0.02634264901280403, 0.2708902359008789, 0.7027671337127686]
window 399: [0.025952430441975594, 0.3521163761615753, 0.6219311952590942]
window 400: [0.025889741256833076, 0.4106576442718506, 0.5634526014328003]
window 401: [0.03546744957566261, 0.42782527208328247, 0.5367072820663452]
window 402: [0.02497613988816738, 0.4215831458568573, 0.5534406900405884]
window 403: [0.017770182341337204, 0.4913106858730316, 0.4909191429615021]
window 404: [0.009304984472692013, 0.5260556936264038, 0.4646393656730652]
window 405: [0.010130014270544052, 0.5517832636833191, 0.43808668851852417]
window 406: [0.010794088244438171, 0.5390604138374329, 0.4501454830169678]
window 407: [0.011906243860721588, 0.5071020722389221, 0.4809917211532593]
window 408: [0.012960124760866165, 0.3942163288593292, 0.5928235650062561]
window 409: [0.008727626875042915, 0.2912743091583252, 0.6999980211257935]
window 410: [0.009598911739885807, 0.2251451462507248, 0.765255868434906]
window 411: [0.012487371452152729, 0.2531132102012634, 0.7343993782997131]
window 412: [0.02448919042944908, 0.2633923888206482, 0.71211838722229]
window 413: [0.027980336919426918, 0.3243526220321655, 0.6476670503616333]
window 414: [0.032381489872932434, 0.3347689211368561, 0.6328495740890503]
window 415: [0.0314980074763298, 0.35617196559906006, 0.6123300194740295]
window 416: [0.028563108295202255, 0.3041488826274872, 0.667288064956665]
window 417: [0.022666145116090775, 0.27112939953804016, 0.7062045335769653]
window 418: [0.020411349833011627, 0.2724541425704956, 0.707134485244751]
window 419: [0.022580761462450027, 0.2539807856082916, 0.7234383821487427]
window 420: [0.02517351508140564, 0.21916523575782776, 0.7556611895561218]
window 421: [0.027152229100465775, 0.17796708643436432, 0.7948806881904602]
window 422: [0.03209637477993965, 0.17187491059303284, 0.796028733253479]
window 423: [0.03085550107061863, 0.19519194960594177, 0.7739525437355042]
window 424: [0.03104466199874878, 0.25661787390708923, 0.7123374938964844]
window 425: [0.02147696726024151, 0.36200863122940063, 0.6165143847465515]
window 426: [0.014827532693743706, 0.37546440958976746, 0.6097080707550049]
window 427: [0.008638203144073486, 0.3071994185447693, 0.6841623783111572]
window 428: [0.007798000704497099, 0.2014821618795395, 0.7907198071479797]
window 429: [0.007880245335400105, 0.1274162381887436, 0.8647034764289856]
window 430: [0.00734026450663805, 0.08887681365013123, 0.903782844543457]
window 431: [0.006452514324337244, 0.08255336433649063, 0.9109941124916077]
window 432: [0.0050696125254035, 0.07943155616521835, 0.9154988527297974]
window 433: [0.006098028738051653, 0.07913748174905777, 0.9147645831108093]
window 434: [0.0071497573517262936, 0.07329434156417847, 0.9195559620857239]
window 435: [0.009169363416731358, 0.08344271779060364, 0.907387912273407]
window 436: [0.009141920134425163, 0.09135106205940247, 0.8995069861412048]
window 437: [0.00895129144191742, 0.0896642729640007, 0.9013844132423401]
window 438: [0.007033865433186293, 0.07707668840885162, 0.9158895015716553]
window 439: [0.007498554419726133, 0.07210663706064224, 0.920394778251648]
window 440: [0.007014494854956865, 0.0758621022105217, 0.9171234369277954]
window 441: [0.007370064500719309, 0.08378177881240845, 0.908848226070404]
window 442: [0.005238250829279423, 0.08772190660238266, 0.9070398211479187]
window 443: [0.004137945361435413, 0.0896846130490303, 0.9061773419380188]
window 444: [0.0035603782162070274, 0.08564144372940063, 0.910798192024231]
window 445: [0.0033089101780205965, 0.07498390227556229, 0.9217071533203125]
window 446: [0.0034816074185073376, 0.06322050839662552, 0.933297872543335]
window 447: [0.0033366226125508547, 0.0712156668305397, 0.9254477024078369]
window 448: [0.0037165579851716757, 0.07744957506656647, 0.9188339114189148]
window 449: [0.00319693167693913, 0.0938066765666008, 0.9029963612556458]
window 450: [0.0027382795233279467, 0.09116354584693909, 0.9060981869697571]
window 451: [0.0024566531646996737, 0.10901281237602234, 0.8885305523872375]
window 452: [0.0023166455794125795, 0.12068267911672592, 0.8770006895065308]
window 453: [0.002474911045283079, 0.13229665160179138, 0.8652284741401672]
window 454: [0.0022091681603342295, 0.12647832930088043, 0.8713124990463257]
window 455: [0.001932790270075202, 0.09862100332975388, 0.8994462490081787]
window 456: [0.002116187708452344, 0.08153784275054932, 0.91634601354599]
window 457: [0.002665705280378461, 0.06788727641105652, 0.9294470548629761]
window 458: [0.0033165111672133207, 0.06581360101699829, 0.9308698177337646]
window 459: [0.003594897920265794, 0.06746576726436615, 0.9289392828941345]
window 460: [0.003564535640180111, 0.06913434714078903, 0.9273011088371277]
window 461: [0.0037779028061777353, 0.07558944821357727, 0.9206326603889465]
window 462: [0.0035804775543510914, 0.07278768718242645, 0.9236318469047546]
window 463: [0.0038933828473091125, 0.07470156252384186, 0.9214050769805908]
window 464: [0.0047998628579080105, 0.0718739852309227, 0.9233261346817017]
window 465: [0.006312779616564512, 0.06894893199205399, 0.9247382879257202]
window 466: [0.007856897078454494, 0.07116039097309113, 0.9209827184677124]
window 467: [0.00823148712515831, 0.0754721462726593, 0.9162964820861816]
window 468: [0.007014240138232708, 0.07870495319366455, 0.9142808318138123]
window 469: [0.005190026480704546, 0.08062136173248291, 0.9141885638237]
window 470: [0.004462069366127253, 0.08003736287355423, 0.9155005812644958]
window 471: [0.005149733740836382, 0.08350671827793121, 0.911343514919281]
window 472: [0.006629509851336479, 0.0821494534611702, 0.9112209677696228]
window 473: [0.00701518589630723, 0.07871365547180176, 0.9142711758613586]
window 474: [0.00600720290094614, 0.06995801627635956, 0.9240347146987915]
window 475: [0.003967285621911287, 0.06405696272850037, 0.931975781917572]
window 476: [0.0035751594696193933, 0.06359919905662537, 0.9328256249427795]
window 477: [0.0032517672516405582, 0.06786565482616425, 0.9288825988769531]
window 478: [0.0043550278060138226, 0.076106496155262, 0.9195385575294495]
window 479: [0.005215861834585667, 0.08683674782514572, 0.907947301864624]
window 480: [0.006730215158313513, 0.11691702157258987, 0.8763527274131775]
window 481: [0.009006025269627571, 0.24066027998924255, 0.7503336668014526]
window 482: [0.009704611264169216, 0.4804280996322632, 0.5098673105239868]
window 483: [0.008739215321838856, 0.682347297668457, 0.3089134693145752]
window 484: [0.007533303461968899, 0.7420660853385925, 0.2504006326198578]
window 485: [0.008676882833242416, 0.7335171699523926, 0.2578059434890747]
window 486: [0.009525029920041561, 0.7182857990264893, 0.2721891403198242]
window 487: [0.010951903648674488, 0.6906456351280212, 0.29840245842933655]
window 488: [0.010855570435523987, 0.6717382073402405, 0.31740623712539673]
window 489: [0.010714838281273842, 0.6876009702682495, 0.30168426036834717]
window 490: [0.011063691228628159, 0.7018129229545593, 0.28712335228919983]
window 491: [0.01102709025144577, 0.7308351397514343, 0.2581378221511841]
window 492: [0.011487133800983429, 0.7353613376617432, 0.2531515061855316]
window 493: [0.010281768627464771, 0.7187161445617676, 0.2710020840167999]
window 494: [0.009420725516974926, 0.707913875579834, 0.2826654613018036]
window 495: [0.010161865502595901, 0.6812146902084351, 0.30862343311309814]
window 496: [0.011569911614060402, 0.6754204034805298, 0.31300970911979675]
window 497: [0.014485045336186886, 0.6346560120582581, 0.3508588969707489]
window 498: [0.016561107710003853, 0.6194673180580139, 0.36397162079811096]
window 499: [0.02090349793434143, 0.6154999136924744, 0.36359652876853943]
window 500: [0.02299400232732296, 0.6423354744911194, 0.3346705138683319]
window 501: [0.023714862763881683, 0.6708521842956543, 0.3054329752922058]
window 502: [0.022228742018342018, 0.7158230543136597, 0.26194819808006287]
window 503: [0.02080691047012806, 0.702926754951477, 0.27626630663871765]
window 504: [0.01929483748972416, 0.6783813834190369, 0.30232369899749756]
window 505: [0.015237603336572647, 0.5778170228004456, 0.4069453775882721]
window 506: [0.012293543666601181, 0.532207190990448, 0.4554992914199829]
window 507: [0.010050964541733265, 0.5227577090263367, 0.4671913981437683]
window 508: [0.00952845811843872, 0.6436083912849426, 0.34686315059661865]
window 509: [0.008539515547454357, 0.7424709796905518, 0.24898946285247803]
window 510: [0.008192391134798527, 0.8042905330657959, 0.18751703202724457]
window 511: [0.006652143318206072, 0.7998533248901367, 0.19349455833435059]
window 512: [0.006630796007812023, 0.7276861071586609, 0.265683114528656]
window 513: [0.005970888305455446, 0.6808458566665649, 0.3131832480430603]
window 514: [0.00669473921880126, 0.6413681507110596, 0.35193711519241333]
window 515: [0.004849120043218136, 0.6884451508522034, 0.3067057132720947]
window 516: [0.004167797043919563, 0.6721135973930359, 0.3237186372280121]
window 517: [0.0034691491164267063, 0.6463090181350708, 0.3502218425273895]
window 518: [0.003636219771578908, 0.6478829383850098, 0.34848085045814514]
window 519: [0.0031877728179097176, 0.669969379901886, 0.32684287428855896]
window 520: [0.00253021577373147, 0.6913489699363708, 0.3061208426952362]
window 521: [0.001862811972387135, 0.6693127751350403, 0.32882437109947205]
window 522: [0.0014591063372790813, 0.6890885233879089, 0.3094523251056671]
window 523: [0.0016909465193748474, 0.6952986121177673, 0.303010493516922]
window 524: [0.0028647524304687977, 0.66783207654953, 0.32930317521095276]
window 525: [0.004330996889621019, 0.5587393045425415, 0.43692970275878906]
window 526: [0.004738477058708668, 0.5209924578666687, 0.4742690920829773]
window 527: [0.0039710793644189835, 0.5487163066864014, 0.4473126232624054]
window 528: [0.003008640604093671, 0.6062209010124207, 0.39077046513557434]
window 529: [0.0030453382059931755, 0.4851856529712677, 0.5117690563201904]
window 530: [0.0031178672797977924, 0.26798009872436523, 0.7289019823074341]
window 531: [0.0077811251394450665, 0.11560157686471939, 0.8766172528266907]
window 532: [0.014202040620148182, 0.07023117691278458, 0.9155668020248413]
window 533: [0.025291921570897102, 0.06110797077417374, 0.9136000275611877]
window 534: [0.014823820441961288, 0.044483549892902374, 0.940692663192749]
window 535: [0.011674264445900917, 0.03976941481232643, 0.9485563039779663]
window 536: [0.009535163640975952, 0.033671338111162186, 0.9567934274673462]
window 537: [0.009816421195864677, 0.04400233179330826, 0.9461812376976013]
window 538: [0.008560018613934517, 0.041944898664951324, 0.9494951367378235]
window 539: [0.008488032035529613, 0.04369919002056122, 0.9478128552436829]
window 540: [0.008011086843907833, 0.04413851350545883, 0.9478504061698914]
window 541: [0.012084361165761948, 0.06604558229446411, 0.9218701124191284]
window 542: [0.011890631169080734, 0.06664082407951355, 0.9214684963226318]
window 543: [0.011435036547482014, 0.053482506424188614, 0.9350823760032654]
window 544: [0.007980383932590485, 0.034774456173181534, 0.9572452306747437]
window 545: [0.008946322835981846, 0.03883279114961624, 0.9522209167480469]
window 546: [0.010303548537194729, 0.03489132598042488, 0.9548050761222839]
window 547: [0.012657889164984226, 0.04584129899740219, 0.9415007829666138]
window 548: [0.015113246627151966, 0.04642964154481888, 0.9384570717811584]
window 549: [0.01429747510701418, 0.057752061635255814, 0.9279504418373108]
window 550: [0.01026257686316967, 0.04477088153362274, 0.9449665546417236]
window 551: [0.00904688611626625, 0.0431043766438961, 0.9478487968444824]
window 552: [0.010224112309515476, 0.04155103117227554, 0.9482249021530151]
window 553: [0.013735671527683735, 0.04160628095269203, 0.9446580410003662]
window 554: [0.01226593367755413, 0.03513731062412262, 0.9525967836380005]
window 555: [0.011031759902834892, 0.035309527069330215, 0.9536586999893188]
window 556: [0.009598979726433754, 0.03277098760008812, 0.9576299786567688]
window 557: [0.011551524512469769, 0.03806695342063904, 0.9503815174102783]
window 558: [0.01226437371224165, 0.04256405308842659, 0.9451716542243958]
window 559: [0.015055309981107712, 0.057726990431547165, 0.9272176623344421]
window 560: [0.014215224422514439, 0.07249625772237778, 0.9132885336875916]
window 561: [0.017235077917575836, 0.0911208912730217, 0.8916440606117249]
window 562: [0.01831737533211708, 0.0938219428062439, 0.8878606557846069]
window 563: [0.02578572742640972, 0.08409327268600464, 0.8901209831237793]
window 564: [0.02370768040418625, 0.05961519852280617, 0.9166771769523621]
window 565: [0.02726193517446518, 0.04975809156894684, 0.922980010509491]
window 566: [0.026779456064105034, 0.04428325966000557, 0.9289373755455017]
window 567: [0.03166672959923744, 0.04967411234974861, 0.9186592102050781]
window 568: [0.029363717883825302, 0.04554343596100807, 0.925092875957489]
window 569: [0.021938947960734367, 0.04479456692934036, 0.9332665205001831]
window 570: [0.013904986903071404, 0.04737263545393944, 0.9387223720550537]
window 571: [0.010294384323060513, 0.05337977781891823, 0.9363258481025696]
window 572: [0.0088770417496562, 0.05892527848482132, 0.9321977496147156]
window 573: [0.009805137291550636, 0.05608028545975685, 0.9341145157814026]
window 574: [0.010816669091582298, 0.06140676513314247, 0.927776575088501]
window 575: [0.011337037198245525, 0.05937260389328003, 0.9292904138565063]
window 576: [0.008638052269816399, 0.04463488981127739, 0.9467269778251648]
window 577: [0.006417222321033478, 0.040637366473674774, 0.9529452919960022]
window 578: [0.004347310867160559, 0.026760639622807503, 0.9688920378684998]
window 579: [0.004822844173759222, 0.044385842978954315, 0.9507912993431091]
window 580: [0.006954695098102093, 0.06855572015047073, 0.9244896173477173]
window 581: [0.009756233543157578, 0.1435810625553131, 0.846662700176239]
window 582: [0.012684567831456661, 0.21534420549869537, 0.7719711661338806]
window 583: [0.010818530805408955, 0.2211623191833496, 0.7680191993713379]
window 584: [0.009155665524303913, 0.20527982711791992, 0.7855644822120667]
window 585: [0.007299123797565699, 0.1447201818227768, 0.8479807376861572]
window 586: [0.0068855322897434235, 0.1127651259303093, 0.8803493976593018]
window 587: [0.006234746892005205, 0.0987946167588234, 0.8949705958366394]
window 588: [0.006271722726523876, 0.10353036969900131, 0.8901979923248291]
window 589: [0.0047865319065749645, 0.10679779201745987, 0.8884157538414001]
window 590: [0.003925372380763292, 0.11280689388513565, 0.8832678198814392]
window 591: [0.0031380397267639637, 0.11669550091028214, 0.8801664710044861]
window 592: [0.003409937024116516, 0.12125903367996216, 0.8753310441970825]
window 593: [0.004458799492567778, 0.12880553305149078, 0.8667356967926025]
window 594: [0.006838260684162378, 0.13729014992713928, 0.8558716177940369]
window 595: [0.007944517768919468, 0.13654278218746185, 0.8555126786231995]
window 596: [0.006372604053467512, 0.11815895140171051, 0.8754684925079346]
window 597: [0.003956122323870659, 0.08395539969205856, 0.9120884537696838]
window 598: [0.0029679471626877785, 0.0691109299659729, 0.9279211163520813]
window 599: [0.0028420297894626856, 0.06349886208772659, 0.933659017086029]",2025-06-26 04:54:29.790951
